City_ID,City,Lat,Lng,Max Temp,Humidity,Cloudiness,Wind Speed,Country,Date
0,palopo,-2.9996,120.1921,24.69,90,100,1.03,ID,1738368695
1,susuman,62.7833,148.1667,-42.52,99,82,0.14,RU,1738368696
2,invercargill,-46.4,168.35,20.57,57,100,3.13,NZ,1738368698
3,thompson,55.7435,-97.8558,-27.78,98,29,1.92,CA,1738368685
4,edinburgh of the seven seas,-37.0676,-12.3116,17.16,83,43,7.7,SH,1738368701
5,taltal,-25.4,-70.4833,20.12,82,28,1.9,CL,1738368702
6,hermanus,-34.4187,19.2345,18.08,84,7,2.27,ZA,1738368704
7,ushuaia,-54.8,-68.3,8.72,81,79,2.26,AR,1738368594
8,margaret river,-33.95,115.0667,19.92,66,38,4.04,AU,1738368706
9,avarua,-21.2078,-159.775,29.03,79,75,5.66,CK,1738368707
10,puerto ayora,-0.7393,-90.3518,25.31,95,62,1.34,EC,1738368708
11,magadan,59.5667,150.8,-23.05,76,1,3.23,RU,1738368710
12,waitangi,-43.9535,-176.5597,14.93,82,1,5.03,NZ,1738368711
13,tazovsky,67.4667,78.7,-27.43,95,100,4.17,RU,1738368712
14,schwaz,47.3391,11.7336,-2.16,92,95,1.31,AT,1738368713
15,jamestown,42.097,-79.2353,2.79,99,100,4.63,US,1738368513
16,nikel,69.4128,30.222,-10.03,100,100,0.31,RU,1738368716
17,luderitz,-26.6481,15.1594,16.89,90,2,5.89,NA,1738368717
18,luimneach,52.6647,-8.6231,7.27,84,100,5.58,IE,1738368718
19,ha giang,22.8333,104.9833,17.28,97,100,0.9,VN,1738368719
20,papao,-17.75,-149.55,30.82,76,83,3.17,PF,1738368720
21,nabire,-3.3667,135.4833,28.37,74,91,0.46,ID,1738368721
22,ismailia,30.6043,32.2723,11.8,76,0,3.14,EG,1738368464
23,le port,-20.9373,55.2919,25.98,100,44,0.69,RE,1738368724
24,badger,64.8,-147.5333,-26.12,80,40,0.0,US,1738368470
25,grytviken,-54.2811,-36.5092,10.93,57,93,4.36,GS,1738368717
26,polyarnyy,69.1989,33.4478,-1.31,98,100,0.98,RU,1738368727
27,plastun,44.7561,136.2939,-12.04,59,45,3.64,RU,1738368729
28,yellowknife,62.456,-114.3525,-33.99,99,20,2.26,CA,1738368554
29,puerto natales,-51.7236,-72.4875,11.1,67,82,2.1,CL,1738368731
30,adamstown,-25.066,-130.1015,25.07,68,76,5.56,PN,1738368732
31,flying fish cove,-10.4217,105.6791,25.82,94,100,5.66,CX,1738368733
32,debre mark'os,10.35,37.7333,13.96,63,71,1.38,ET,1738368735
33,port-aux-francais,-49.35,70.2167,4.82,79,36,14.76,TF,1738368703
34,longyearbyen,78.2186,15.6401,-5.09,80,40,6.17,SJ,1738368737
35,hami,42.8,93.45,-4.08,70,86,1.29,CN,1738368738
36,ashburton,-37.8626,145.0794,24.45,61,3,1.66,AU,1738368739
37,angaur state,6.906,134.13,28.23,76,100,11.24,PW,1738368741
38,isafjordur,66.0755,-23.124,2.58,92,100,4.98,IS,1738368742
39,codrington,-38.2667,141.9667,23.11,44,2,4.64,AU,1738368743
40,broome,42.2506,-75.833,2.57,97,100,2.06,US,1738368745
41,meiganga,6.5167,14.3,18.78,26,100,2.07,CM,1738368747
42,kill devil hills,36.0307,-75.676,17.01,89,40,9.77,US,1738368748
43,college,64.8569,-147.8028,-26.07,71,40,0.0,US,1738368749
44,bada,51.392,109.8717,-26.82,100,100,1.47,RU,1738368750
45,colonia,50.9333,6.95,0.54,87,0,1.03,DE,1738368751
46,jalalaqsi,3.3766,45.5996,20.85,68,6,7.71,SO,1738368753
47,bethel,41.3712,-73.414,4.41,91,100,1.54,US,1738368754
48,west island,-12.1568,96.8225,25.99,94,100,2.06,CC,1738368755
49,ust'-ilimsk,58.0006,102.6619,-34.38,99,56,0.87,RU,1738368733
50,papatowai,-46.5619,169.4708,18.44,55,100,3.17,NZ,1738368757
51,oum hadjer,13.2954,19.6966,19.55,14,9,4.11,TD,1738368758
52,al muwayh,22.4333,41.7583,13.98,48,3,4.39,SA,1738368760
53,tara,56.8944,74.371,-21.91,98,97,2.67,RU,1738368761
54,east london,-33.0153,27.9116,21.27,66,79,3.76,ZA,1738368762
55,xiva,41.3783,60.3639,-0.41,75,4,3.56,UZ,1738368763
56,anna regina,7.2644,-58.5077,25.54,82,91,5.28,GY,1738368764
57,kerikeri,-35.2268,173.9474,23.62,56,100,3.1,NZ,1738368741
58,la'ie,21.6477,-157.9253,27.81,71,30,5.63,US,1738368767
59,anadyr,64.75,177.4833,-19.72,83,100,3.58,RU,1738368768
60,zaragoza,41.6561,-0.8773,7.25,57,0,7.2,ES,1738368769
61,yoro,15.1333,-87.1333,21.91,87,77,1.23,HN,1738368770
62,bilibino,68.0546,166.4372,-42.85,99,49,1.65,RU,1738368698
63,ancud,-41.8697,-73.8203,13.41,72,5,2.91,CL,1738368773
64,waingapu,-9.6567,120.2641,27.39,80,100,5.63,ID,1738368774
65,antalaha,-14.9003,50.2788,24.77,91,79,1.63,MG,1738368776
66,nica,43.7031,7.2661,11.89,90,75,8.75,FR,1738368777
67,punta arenas,-53.15,-70.9167,13.06,58,0,7.2,CL,1738368779
68,udachny,66.4167,112.4,-30.35,98,100,2.02,RU,1738368534
69,happy valley-goose bay,53.3168,-60.3315,-17.53,71,74,5.17,CA,1738368542
70,cabo san lucas,22.8909,-109.9124,24.17,45,0,4.12,MX,1738368592
71,howrah,22.5892,88.3103,22.0,94,100,1.54,IN,1738368783
72,ilulissat,69.2167,-51.1,-4.99,74,75,3.09,GL,1738368784
73,bathsheba,13.2167,-59.5167,27.34,74,40,11.32,BB,1738368786
74,port mathurin,-19.6833,63.4167,27.05,88,86,12.91,MU,1738368787
75,kapa'a,22.0752,-159.319,27.18,72,20,3.6,US,1738368788
76,wailua homesteads,22.0669,-159.378,26.44,73,20,3.6,US,1738368713
77,saipan,15.1355,145.701,28.39,79,75,10.8,MP,1738368791
78,baley,51.6,116.6333,-33.71,100,83,1.16,RU,1738368792
79,aasiaat,68.7098,-52.8699,-6.66,78,100,6.88,GL,1738368793
80,iqaluit,63.7506,-68.5145,-17.95,70,100,10.28,CA,1738368794
81,vila velha,-20.3297,-40.2925,26.97,83,40,3.6,BR,1738368391
82,tsiombe,-25.3,45.4833,23.34,84,40,0.74,MG,1738368797
83,krasnovishersk,60.4078,57.082,0.63,99,100,2.6,RU,1738368798
84,lebu,-37.6167,-73.65,14.42,87,6,9.17,CL,1738368679
85,akrehamn,59.2667,5.1833,0.14,93,100,4.12,NO,1738368800
86,kingston,17.997,-76.7936,26.2,86,20,2.08,JM,1738368618
87,nadym,65.5333,72.5167,-20.66,98,92,4.3,RU,1738368803
88,eureka,40.8021,-124.1637,12.57,96,100,4.24,US,1738368804
89,belyy yar,53.6039,91.3903,-19.06,100,40,1.0,RU,1738368805
90,ionia,42.9873,-85.0711,1.8,79,0,2.57,US,1738368806
91,hawaiian paradise park,19.5933,-154.9731,23.83,95,75,3.09,US,1738368790
92,tiksi,71.6872,128.8694,-33.0,99,94,2.34,RU,1738368809
93,nidzica,53.3605,20.4275,1.8,88,100,6.09,PL,1738368810
94,chichen-itza,20.6667,-88.5667,28.98,54,30,2.76,MX,1738368811
95,muroto-misakicho,33.2833,134.15,10.46,62,79,2.8,JP,1738368721
96,yuzhno-kurilsk,44.0306,145.8556,-1.6,74,100,8.87,RU,1738368814
97,labrador city,52.9463,-66.9114,-24.05,70,40,6.17,CA,1738368815
98,nuku'alofa,-21.1333,-175.2,27.53,75,74,8.84,TO,1738368591
99,carnarvon,-24.8667,113.6333,28.7,61,22,8.57,AU,1738368818
100,khash,28.2211,61.2158,0.86,51,0,2.67,IR,1738368819
101,georgetown,5.4112,100.3354,26.96,47,20,3.09,MY,1738368723
102,salekhard,66.53,66.6019,-25.56,100,96,1.45,RU,1738368821
103,laguna,38.421,-121.4238,9.56,92,100,5.14,US,1738368822
104,makoua,0.0069,15.6333,24.23,50,35,1.32,CG,1738368824
105,sabzevar,36.2126,57.6819,1.56,47,0,2.93,IR,1738368825
106,richards bay,-28.783,32.0377,24.87,93,99,5.7,ZA,1738368789
107,guerrero negro,27.9769,-114.0611,16.92,56,0,7.03,MX,1738368827
108,ta`u,-14.2336,-169.5144,27.93,79,81,8.27,AS,1738368829
109,enewetak,11.3474,162.3373,27.07,75,89,8.56,MH,1738368830
110,valparaiso,-33.0393,-71.6273,21.11,64,0,4.63,CL,1738368831
111,bengkulu,-3.8004,102.2655,24.53,88,78,2.85,ID,1738368832
112,port elizabeth,-33.918,25.5701,17.95,90,8,0.89,ZA,1738368834
113,bozoum,6.3193,16.3799,21.27,21,87,1.25,CF,1738368835
114,ribeira grande,38.5167,-28.7,18.22,88,75,11.18,PT,1738368836
115,pacific grove,36.6177,-121.9166,12.98,87,100,3.58,US,1738368838
116,luba,3.4568,8.5547,27.69,77,92,3.37,GQ,1738368839
117,blackmans bay,-43.0167,147.3167,20.96,71,74,0.45,AU,1738368697
118,lae,-6.7221,146.9847,29.04,64,100,1.84,PG,1738368841
119,port alfred,-33.5906,26.891,17.88,92,3,4.94,ZA,1738368842
120,aykhal,66.0,111.5,-27.69,93,100,2.8,RU,1738368633
121,bredasdorp,-34.5322,20.0403,19.58,73,41,1.07,ZA,1738368707
122,lamu,-2.2717,40.902,24.22,89,75,5.22,KE,1738368846
123,al kharijah,25.4514,30.5464,13.16,50,96,5.08,EG,1738368847
124,port douglas,-16.4833,145.4667,28.14,79,100,2.4,AU,1738368848
125,mandalay,21.9747,96.0836,16.95,45,69,0.7,MM,1738368849
126,constantia,44.1833,28.65,7.61,91,81,2.91,RO,1738368847
127,stanley,54.868,-1.6985,3.07,88,75,1.54,GB,1738368852
128,kodiak,57.79,-152.4072,0.73,60,0,5.66,US,1738368853
129,chui,-33.6971,-53.4616,19.81,85,1,2.99,UY,1738368854
130,paracale,14.2804,122.7881,25.43,87,92,1.78,PH,1738368855
131,summerside,46.3959,-63.7876,-7.79,94,99,3.6,CA,1738368857
132,quellon,-43.1167,-73.6167,12.57,73,3,3.23,CL,1738368858
133,buncrana,55.1333,-7.45,3.49,89,100,4.19,IE,1738368859
134,mount isa,-20.7333,139.5,32.87,35,1,7.2,AU,1738368860
135,saint-francois,46.4154,3.9054,0.23,100,20,1.03,FR,1738368862
136,chamzinka,54.4019,45.7839,0.2,95,100,2.99,RU,1738368863
137,sitka,57.0531,-135.33,-2.06,40,20,4.12,US,1738368864
138,san luis de la loma,17.2706,-100.8939,27.01,63,0,3.03,MX,1738368865
139,sultanah,24.4926,39.5857,17.25,39,0,2.57,SA,1738368866
140,yashkul',46.1711,45.3435,1.61,83,37,3.9,RU,1738368868
141,nemuro,43.3236,145.575,-1.83,80,77,5.95,JP,1738368869
142,haiku-pauwela,20.9219,-156.3051,26.78,73,100,8.75,US,1738368870
143,vila franca do campo,37.7167,-25.4333,18.27,99,100,6.57,PT,1738368871
144,coxen hole,16.3244,-86.5366,25.85,89,0,9.29,HN,1738368872
145,fortuna,40.5982,-124.1573,12.42,96,75,3.09,US,1738368874
146,mejit,10.2753,170.8646,26.83,70,83,6.9,MH,1738368875
147,ipatovo,45.7181,42.9036,3.57,87,76,4.61,RU,1738368746
148,la romana,18.4273,-68.9728,23.59,87,17,4.22,DO,1738368878
149,fort st. john,56.2499,-120.8529,-24.06,77,100,8.23,CA,1738368879
150,hamilton,39.1834,-84.5333,11.54,74,75,3.09,US,1738368327
151,utrik,11.2278,169.8474,26.54,68,84,6.47,MH,1738368881
152,la passe,45.5549,-0.8967,9.45,98,100,4.79,FR,1738368882
153,tambacounda,13.7539,-13.7586,24.13,11,1,4.19,SN,1738368884
154,vapnyarka,48.5348,28.7436,5.53,93,100,2.33,UA,1738368885
155,djambala,-2.5447,14.7533,20.89,86,94,1.98,CG,1738368886
156,coroata,-4.13,-44.1242,23.51,98,100,1.2,BR,1738368887
157,qamdo,31.1667,97.2333,-6.5,61,0,3.13,CN,1738368889
158,sao joao da barra,-21.6403,-41.0511,25.18,87,91,9.78,BR,1738368890
159,lihue,21.9789,-159.3672,26.77,71,20,3.6,US,1738368891
160,tangalle,6.024,80.7911,23.63,90,92,4.28,LK,1738368892
161,al qubbah,32.7616,22.2424,7.07,89,76,0.63,LY,1738368894
162,imeni morozova,59.9757,31.0376,2.56,99,100,0.55,RU,1738368779
163,kayangel,8.0823,134.7173,28.57,73,94,10.61,PW,1738368896
164,murun-kuren,49.6342,100.1625,-24.68,92,10,1.15,MN,1738368897
165,smithers,54.7804,-127.1743,-6.66,91,100,1.13,CA,1738368898
166,yangshuo,24.7808,110.4897,11.79,90,100,2.48,CN,1738368900
167,albany,42.6001,-73.9662,0.3,93,100,0.45,US,1738368691
168,zag,46.9441,99.165,-28.09,92,86,1.55,MN,1738368902
169,okhotsk,59.3833,143.3,-22.63,76,0,7.05,RU,1738368903
170,opuwo,-18.0607,13.84,20.28,57,88,2.0,NA,1738368905
171,katsuura,35.1333,140.3,8.35,53,100,4.15,JP,1738368906
172,saint-joseph,-21.3667,55.6167,25.21,82,8,3.74,RE,1738368907
173,klyuchi,52.2667,79.1667,-25.2,99,75,2.93,RU,1738368909
174,carbonear,47.7332,-53.2148,-3.25,78,67,9.63,CA,1738368911
175,acapulco de juarez,16.8634,-99.8901,27.9,78,20,3.6,MX,1738368783
176,paita,-5.0892,-81.1144,22.68,80,50,5.29,PE,1738368684
177,urumqi,43.801,87.6005,-10.47,86,75,1.0,CN,1738368916
178,zunyi,27.6867,106.9072,6.15,92,100,1.28,CN,1738368918
179,itaituba,-4.2761,-55.9836,23.91,98,100,0.61,BR,1738368919
180,kuta,-8.7233,115.1723,27.97,89,40,0.51,ID,1738368681
181,qaqortoq,60.7167,-46.0333,-11.02,90,80,3.73,GL,1738368922
182,bitam,2.076,11.5007,20.15,99,95,1.39,GA,1738368923
183,manggar,-2.8833,108.2667,26.53,80,99,4.58,ID,1738368924
184,remire-montjoly,4.9167,-52.2667,27.02,78,100,4.63,GF,1738368926
185,whitehorse,60.7161,-135.0538,-22.61,69,100,2.68,CA,1738368927
186,paracuru,-3.41,-39.0306,26.97,76,61,5.53,BR,1738368929
187,gwarzo,11.9152,7.9346,18.3,24,5,4.1,NG,1738368931
188,tura,25.5198,90.2201,13.27,58,2,1.67,IN,1738368932
189,panamaram,11.7404,76.0738,18.89,98,68,0.54,IN,1738368933
190,atafu village,-8.5421,-172.5159,28.33,74,44,7.28,TK,1738368769
191,new norfolk,-42.7826,147.0587,21.62,54,75,1.69,AU,1738368935
192,camocim,-2.9022,-40.8411,25.81,86,87,5.45,BR,1738368937
193,port lincoln,-34.7333,135.8667,22.44,68,0,5.81,AU,1738368938
194,kharabali,47.4196,47.2568,-0.39,88,23,3.69,RU,1738368939
195,pedernales,18.0384,-71.744,26.79,71,5,6.24,DO,1738368940
196,kargat,55.1956,80.2811,-23.68,100,97,2.55,RU,1738368942
197,petropavlovsk-kamchatsky,53.0452,158.6483,-2.67,40,75,7.0,RU,1738368943
198,afaahiti,-17.75,-149.2833,26.39,77,66,4.47,PF,1738368944
199,tralee,52.2704,-9.7026,5.2,94,100,3.36,IE,1738368945
200,saint-juery,43.9488,2.2103,3.97,72,95,1.86,FR,1738368946
201,pisco,-13.7,-76.2167,22.03,83,0,7.72,PE,1738368948
202,al jawf,29.5,38.75,9.08,62,0,3.87,SA,1738368949
203,rio grande,-32.035,-52.0986,22.23,81,0,4.32,BR,1738368824
204,ghat,24.9647,10.1728,15.24,21,56,3.11,LY,1738368953
205,padang,-0.9492,100.3543,25.03,81,100,2.0,ID,1738368954
206,fairwood,47.4484,-122.1573,8.27,90,100,5.66,US,1738368955
207,pontes e lacerda,-15.2261,-59.3353,24.15,94,100,0.92,BR,1738368801
208,berck-plage,50.407,1.5645,2.94,87,100,4.63,FR,1738368957
209,kota kinabalu,5.9749,116.0724,25.49,94,20,2.57,MY,1738368959
210,fisterra,42.9049,-9.2629,12.61,86,100,3.15,ES,1738368960
211,nilanga,18.1,76.7667,21.39,32,19,2.53,IN,1738368961
212,birjand,32.8663,59.2211,0.76,43,0,1.48,IR,1738368962
213,homer,59.6425,-151.5483,-7.06,56,0,4.12,US,1738368835
214,al ghayzah,16.2079,52.176,19.63,34,18,5.24,YE,1738368966
215,oruro,-17.9833,-67.15,7.75,74,77,10.8,BO,1738368967
216,kailua-kona,19.6406,-155.9956,27.53,75,75,8.23,US,1738368968
217,urucara,-2.5364,-57.76,25.07,90,100,0.63,BR,1738368970
218,talnakh,69.4865,88.3972,-20.56,97,100,2.38,RU,1738368971
219,vadso,70.0744,29.7487,-0.91,93,100,2.57,NO,1738368972
220,vredefort,-27.0081,27.3646,24.41,44,86,1.72,ZA,1738368973
221,dudinka,69.4058,86.1778,-22.52,89,100,3.65,RU,1738368974
222,kirakira,-10.4544,161.9205,26.99,87,100,8.08,SB,1738368976
223,nogliki,51.8333,143.1667,-17.06,95,74,2.76,RU,1738368735
224,mil'kovo,55.6078,37.7956,2.57,73,100,4.93,RU,1738368978
225,hithadhoo,-0.6,73.0833,27.48,78,95,4.78,MV,1738368766
226,monticello,45.3055,-93.7941,0.19,62,75,4.12,US,1738368980
227,acarau,-2.8856,-40.12,25.83,85,92,4.53,BR,1738368981
228,saint-pierre,-21.3393,55.4781,25.82,73,0,2.06,RE,1738368983
229,nchelenge,-9.3451,28.734,21.01,83,98,1.07,ZM,1738368985
230,arawa,-6.2132,155.5367,29.92,64,80,2.99,PG,1738368987
231,goondiwindi,-28.55,150.3167,30.42,45,0,6.64,AU,1738368988
232,dashitou,43.3067,128.5114,-17.95,83,9,0.22,CN,1738368973
233,mwingi,-0.9344,38.0601,20.68,63,87,0.44,KE,1738368991
234,mount gambier,-37.8333,140.7667,24.23,34,3,2.33,AU,1738368993
235,lorengau,-2.0226,147.2712,29.04,75,90,2.82,PG,1738368994
236,porto novo,6.4965,2.6036,28.9,76,66,3.52,BJ,1738368995
237,natal,-5.795,-35.2094,27.92,62,29,4.68,BR,1738368556
238,i-n-salah,27.1935,2.4607,12.48,44,0,5.51,DZ,1738368974
239,dunedin,-45.8742,170.5036,17.48,64,82,2.66,NZ,1738368999
240,holualoa,19.6228,-155.9522,25.46,76,75,8.23,US,1738369000
241,iquique,-20.2208,-70.1431,21.08,84,5,1.51,CL,1738369000
242,motygino,58.1831,94.7592,-35.04,100,10,1.8,RU,1738369004
243,berdigestyakh,62.0989,126.6992,-36.25,100,100,0.71,RU,1738369005
244,horta,38.5333,-28.6333,17.8,92,75,10.73,PT,1738369006
245,villamontes,-21.25,-63.5,24.53,44,0,1.2,BO,1738369007
246,mbanza-ngungu,-5.25,14.8667,19.95,96,99,1.67,CD,1738369009
247,labytnangi,66.6572,66.4183,-24.45,99,96,1.63,RU,1738369010
248,uturoa,-16.7333,-151.4333,27.96,74,0,4.0,PF,1738369011
249,carolina,18.3808,-65.9574,26.25,80,40,3.09,PR,1738369012
250,kristiansund,63.1115,7.732,0.36,93,20,1.03,NO,1738369013
251,cuito,-12.3833,16.9333,15.21,99,100,1.85,AO,1738369015
252,coquimbo,-29.9533,-71.3436,16.85,79,0,3.6,CL,1738368987
253,lazarevskoye,43.9061,39.3331,9.48,73,100,3.2,RU,1738369017
254,nar'yan-mar,67.6713,53.087,-14.46,97,81,3.8,RU,1738369018
255,chester,40.1254,-75.8749,8.28,96,100,3.13,US,1738369019
256,iturama,-19.7281,-50.1956,22.15,83,100,2.24,BR,1738369021
257,palmer,42.1584,-72.3287,3.24,80,100,1.54,US,1738369022
258,paran'ga,56.7039,49.4047,0.06,96,100,3.91,RU,1738369023
259,thohoyandou,-22.9456,30.485,23.76,72,76,2.0,ZA,1738369024
260,juneau,58.3019,-134.4197,-6.0,49,40,0.0,US,1738369025
261,gadzhiyevo,69.2551,33.3362,-1.0,98,100,1.17,RU,1738369028
262,caleta de carquin,-11.0925,-77.6267,20.48,90,73,4.58,PE,1738369029
263,kruisfontein,-34.0033,24.7314,16.53,85,1,3.18,ZA,1738369031
264,regina,50.4501,-104.6178,-13.31,81,100,15.43,CA,1738369014
265,chibuto,-24.6867,33.5306,24.07,77,13,1.03,MZ,1738368837
266,mossel bay,-34.1831,22.146,18.57,78,8,1.23,ZA,1738369034
267,lazaro cardenas,17.9583,-102.2,27.3,60,1,4.28,MX,1738369036
268,paratinga,-12.6906,-43.1842,22.31,93,100,1.31,BR,1738369037
269,taounate,34.5,-4.8333,7.98,78,18,0.72,MA,1738369039
270,sisimiut,66.9395,-53.6735,-9.27,89,100,5.96,GL,1738369041
271,crane,31.3974,-102.3501,15.54,21,0,1.76,US,1738369042
272,iskateley,67.6803,53.1512,-14.34,97,82,3.73,RU,1738369043
273,el calafate,-50.3408,-72.2768,11.98,64,21,5.66,AR,1738369044
274,mizdah,31.4451,12.9801,10.92,48,0,7.19,LY,1738369046
275,talcahuano,-36.7167,-73.1167,18.82,68,0,5.66,CL,1738369047
276,touros,-5.1989,-35.4608,27.51,66,24,5.96,BR,1738369048
277,damaturu,11.747,11.9608,17.7,26,11,3.86,NG,1738369050
278,taoudenni,22.6783,-3.9836,15.29,23,0,5.74,ML,1738369052
279,north platte,41.1239,-100.7654,8.37,34,4,4.02,US,1738368866
280,parkes,-33.1333,148.1833,32.97,35,0,1.34,AU,1738369054
281,antonio enes,-16.2325,39.9086,25.73,88,37,1.69,MZ,1738369055
282,fale old settlement,-9.3852,-171.2468,28.23,75,85,7.66,TK,1738369057
283,san patricio,28.017,-97.5169,21.97,36,30,3.32,US,1738368887
284,usinsk,65.9939,57.5281,-16.04,87,56,4.37,RU,1738368956
285,tyukalinsk,55.8732,72.1967,-18.64,96,100,4.0,RU,1738369062
286,olonkinbyen,70.9221,-8.7187,-1.03,92,100,12.6,SJ,1738368786
287,minas de marcona,-15.2119,-75.1103,18.08,74,83,5.95,PE,1738368890
288,independencia,-5.3964,-40.3086,24.57,74,87,1.74,BR,1738369065
289,antsohihy,-14.8796,47.9875,23.96,94,46,0.04,MG,1738369066
290,aripuana,-9.1667,-60.6333,24.01,97,99,0.85,BR,1738369068
291,port blair,11.6667,92.75,23.02,94,40,1.03,IN,1738369039
292,berezovyy,51.6667,135.7,-16.77,84,100,0.77,RU,1738369070
293,westford,42.5793,-71.4378,2.99,89,100,0.45,US,1738368895
294,san carlos de bariloche,-41.1456,-71.3082,18.86,45,0,7.2,AR,1738369034
295,qalat,32.1058,66.9083,0.61,55,0,1.57,AF,1738369074
296,afif,23.9065,42.9172,12.02,43,0,3.25,SA,1738369075
297,mahibadhoo,3.7833,72.9667,27.21,76,79,3.3,MV,1738369076
298,radomyshl,50.4961,29.2291,5.76,84,92,5.0,UA,1738369078
299,senec,48.2195,17.4004,0.01,78,0,2.06,SK,1738369079
300,sao miguel,-5.4667,-35.3667,27.29,63,12,6.08,BR,1738369080
301,asubulaq,49.5583,83.0558,-16.02,98,100,1.41,KZ,1738369081
302,nsanje,-16.92,35.262,23.69,79,70,0.94,MW,1738369083
303,catano,18.4413,-66.1182,26.01,81,40,3.09,PR,1738369084
304,sur,22.5667,59.5289,19.7,43,9,4.64,OM,1738369085
305,vorkuta,67.5,64.0,-28.35,100,78,1.5,RU,1738369086
306,gaspe,48.8334,-64.4819,-13.88,56,0,3.09,CA,1738369088
307,rancho palos verdes,33.7445,-118.387,15.13,78,90,3.13,US,1738369056
308,narva,59.3772,28.1903,3.09,99,100,0.56,EE,1738369090
309,kudahuvadhoo,2.6708,72.8944,27.14,79,88,3.82,MV,1738369092
310,leitchfield,37.48,-86.2939,11.21,76,34,2.81,US,1738368859
311,china,25.7,-99.2333,23.15,17,100,3.69,MX,1738369033
312,priozersk,61.0393,30.1291,0.05,86,79,1.21,RU,1738369095
313,bantva,21.4864,70.0689,15.75,72,56,2.37,IN,1738369096
314,alaghsas,17.0187,8.0168,18.32,19,95,6.24,NE,1738369099
315,krasnogvardeyskoye,45.8456,41.5186,3.26,85,87,4.42,RU,1738369100
316,karonga,-9.9333,33.9333,22.87,85,99,1.97,MW,1738368817
317,bamboo flat,11.7,92.7167,23.05,94,40,1.03,IN,1738369102
318,oltinko'l,40.8011,72.1634,-0.33,79,25,1.98,UZ,1738369104
319,corralillo,22.9819,-80.5856,24.31,81,46,6.52,CU,1738369105
320,malabar,-33.9667,151.25,26.59,67,75,5.66,AU,1738369106
321,boaco,12.4722,-85.6586,23.82,81,1,4.34,NI,1738369107
322,kigoma,-4.8769,29.6267,21.89,84,74,2.05,TZ,1738369109
323,newman,37.3138,-121.0208,11.14,83,100,1.79,US,1738369110
324,kourou,5.1552,-52.6478,24.54,85,65,3.97,GF,1738369111
325,balabac,7.9868,117.0645,27.06,82,1,4.33,PH,1738369112
326,malakal,9.5334,31.6605,25.63,21,16,4.29,SS,1738369113
327,namibe,-15.1961,12.1522,22.22,79,100,2.63,AO,1738369115
328,tazacorte,28.629,-17.9293,17.54,80,100,6.17,ES,1738369116
329,trairi,-3.2778,-39.2689,26.35,78,82,3.83,BR,1738368966
330,alice springs,-23.7,133.8833,33.75,8,0,4.63,AU,1738369075
331,st. john's,47.5649,-52.7093,-3.35,79,75,8.75,CA,1738369099
332,gazli,40.1333,63.45,-0.86,75,0,4.14,UZ,1738369122
333,lompoc,34.6391,-120.4579,14.83,69,0,5.14,US,1738369123
334,likiep,9.8251,169.3107,26.82,70,75,6.67,MH,1738369124
335,laiyang,36.9758,120.7136,-1.27,76,93,2.86,CN,1738369127
336,ponta delgada,37.7333,-25.6667,18.44,82,75,8.75,PT,1738369129
337,toba,34.4833,136.85,7.01,71,43,4.75,JP,1738369131
338,praia da vitoria,38.7333,-27.0667,18.14,88,75,9.69,PT,1738369132
339,kupang,-10.1667,123.5833,28.32,89,20,1.03,ID,1738369133
340,morehead city,34.7229,-76.726,17.8,94,40,6.17,US,1738368840
341,zapala,-38.8992,-70.0544,24.36,19,8,6.68,AR,1738369058
342,vorgashor,67.5833,63.95,-27.19,100,66,1.48,RU,1738368930
343,charikar,35.0136,69.1714,-2.02,32,0,2.84,AF,1738369138
344,huntsville,34.7304,-86.5861,13.7,84,100,5.36,US,1738368751
345,ariquemes,-9.9133,-63.0408,23.86,96,84,0.9,BR,1738369140
346,chonchi,-42.6128,-73.8092,15.07,73,9,1.04,CL,1738369141
347,khovd,48.0056,91.6419,-19.59,74,7,2.93,MN,1738369143
348,ushirombo,-3.4919,31.9639,17.9,94,67,0.13,TZ,1738369093
349,irkutsk,52.2978,104.2964,-24.57,84,75,1.0,RU,1738369145
350,rabak,13.1809,32.74,22.23,24,4,5.67,SD,1738369146
351,si sa ket,14.8333,104.3333,18.5,55,53,2.18,TH,1738369147
352,nieuw amsterdam,5.8833,-55.0833,26.01,89,40,3.6,SR,1738369149
353,hadibu,12.65,54.0333,22.55,73,83,5.95,YE,1738369086
354,siavonga,-16.5382,28.7088,23.02,85,92,1.76,ZM,1738369151
355,sao gabriel,-30.3364,-54.32,26.97,45,44,1.9,BR,1738369152
356,nagqu,31.5,92.0,-2.7,7,0,11.99,CN,1738369153
357,tan-tan,28.438,-11.1032,14.41,72,0,8.23,MA,1738369155
358,miandrivazo,-19.5167,45.4667,26.18,90,82,0.32,MG,1738369156
359,jayapura,-2.5333,140.7,27.66,86,100,0.34,ID,1738369157
360,woolgoolga,-30.1106,153.2007,27.93,82,16,5.65,AU,1738369158
361,puerto carreno,6.189,-67.4859,30.99,48,0,3.25,CO,1738368939
362,pervomayskoye,43.919,46.7102,3.28,95,10,3.59,RU,1738369160
363,isla aguada,18.7833,-91.4667,26.38,81,3,5.81,MX,1738369162
364,santa ana de yacuma,-13.75,-65.4333,24.37,87,35,2.61,BO,1738369163
365,matoury,4.8483,-52.3317,26.98,78,100,4.63,GF,1738369164
366,ojinaga,29.5667,-104.4167,20.53,11,0,0.0,MX,1738369165
367,zeya,53.75,127.2667,-19.07,90,100,0.6,RU,1738368881
368,tidjikja,18.5564,-11.4271,16.19,18,0,4.92,MR,1738369168
369,mahina,-17.5065,-149.489,30.87,62,75,5.14,PF,1738369169
370,hasaki,35.7333,140.8333,8.41,57,100,3.31,JP,1738369026
371,port saint john's,-31.6229,29.5448,22.77,91,98,3.97,ZA,1738369171
372,novodvinsk,64.4165,40.8122,-1.14,97,57,1.56,RU,1738369172
373,acanceh,20.8167,-89.45,27.75,61,28,5.09,MX,1738369174
374,casas grandes,30.3667,-107.95,14.86,14,0,4.28,MX,1738369175
375,mabaruma,8.2,-59.7833,23.43,88,100,1.56,GY,1738369176
376,west fargo,46.875,-96.9004,-7.97,67,100,5.66,US,1738369177
377,manhattan,40.7834,-73.9662,6.81,93,100,3.09,US,1738369178
378,yelenendorf,40.5869,46.3158,-3.27,93,20,3.09,AZ,1738369179
379,glace bay,46.1969,-59.957,-0.57,95,100,4.47,CA,1738368938
380,pangody,65.85,74.4859,-21.37,98,99,4.05,RU,1738369182
381,sao jose da coroa grande,-8.8978,-35.1478,26.56,70,52,4.11,BR,1738369183
382,bambous,-20.2567,57.4061,23.4,90,45,2.95,MU,1738369184
383,banfora,10.6333,-4.7667,24.95,14,42,2.38,BF,1738369185
384,ipora,-16.4419,-51.1178,20.44,98,100,1.68,BR,1738368923
385,ji'an,27.1172,114.9793,10.42,93,100,4.1,CN,1738369189
386,mocesti,45.05,26.25,6.41,76,2,1.82,RO,1738369190
387,nahiyat ash shinafiyah,31.5874,44.6602,10.75,29,0,2.19,IQ,1738368936
388,aras-asan,8.8908,126.3033,25.69,85,80,1.46,PH,1738369193
389,dwarka,22.2394,68.9678,20.15,57,37,5.75,IN,1738369194
390,ben lomond,37.0891,-122.0863,11.67,89,100,1.34,US,1738368975
391,mangrol,21.1167,70.1167,18.23,71,51,4.65,IN,1738369196
392,san antonio de pale,-1.4014,5.6325,27.14,76,74,2.62,GQ,1738369197
393,tarija,-21.5355,-64.7296,21.95,56,20,1.54,BO,1738369092
394,nukus,42.4531,59.6103,-0.01,74,100,2.06,UZ,1738369200
395,alexandria,31.2156,29.9553,15.79,72,8,3.5,EG,1738368732
396,sierra grande,-41.606,-65.3557,15.81,56,0,8.74,AR,1738369140
397,el granada,37.5027,-122.4694,12.33,91,100,5.14,US,1738369203
398,jaguey grande,22.5269,-81.1286,22.95,84,45,2.47,CU,1738369204
399,hedaru,-4.5,37.9,21.84,86,21,1.37,TZ,1738369206
400,plaza huincul,-38.926,-69.2086,26.4,19,0,4.18,AR,1738368921
401,hongjiang,27.11,109.9956,7.23,93,100,2.42,CN,1738369208
402,swakopmund,-22.6833,14.5333,17.82,92,10,4.05,NA,1738368959
403,uvinza,-5.1036,30.3911,17.65,94,38,1.14,TZ,1738369210
404,gebeit,21.0667,36.3167,13.77,79,16,3.01,SD,1738369022
405,sorong,-0.8833,131.25,26.87,85,100,5.64,ID,1738369213
406,karungdong,5.8844,121.263,27.16,77,16,1.03,PH,1738369214
407,queenstown,-31.8976,26.8753,17.0,84,90,1.99,ZA,1738369085
408,khandyga,62.6667,135.6,-45.45,100,62,0.36,RU,1738369216
409,bonthe,7.5264,-12.505,25.4,87,86,2.42,SL,1738369218
410,vondrozo,-22.8167,47.2833,21.61,97,87,1.26,MG,1738369219
411,akureyri,65.6835,-18.0878,6.96,61,100,12.86,IS,1738369221
412,udaipura,23.0833,78.5,16.99,45,4,1.43,IN,1738369222
413,zhezqazghan,47.7833,67.7667,-6.68,93,100,4.0,KZ,1738369223
414,inarajan village,13.2736,144.7484,29.54,78,75,10.54,GU,1738369224
415,arafat,39.0344,44.6198,-4.47,47,52,0.58,IR,1738369226
416,mollendo,-17.0231,-72.0147,21.28,85,88,2.27,PE,1738369227
417,boda,4.3189,17.4695,22.97,21,75,1.68,CF,1738369228
418,levokumskoye,44.8219,44.6606,1.59,98,38,3.56,RU,1738369229
419,tolanaro,-25.0319,46.9987,25.15,87,86,0.98,MG,1738369101
420,trenggalek,-8.05,111.7167,24.92,91,99,1.95,ID,1738369231
421,sambava,-14.2667,50.1667,23.69,91,86,2.93,MG,1738369233
422,akjoujt,19.6969,-14.4164,17.18,22,0,7.31,MR,1738369234
423,broken hill,-31.95,141.4333,30.39,29,0,5.74,AU,1738369235
424,vilyuchinsk,52.9306,158.4028,-1.85,70,98,2.78,RU,1738369236
425,morondava,-20.2833,44.2833,27.11,86,30,2.21,MG,1738369237
426,bezhetsk,57.7851,36.6965,3.87,97,100,5.72,RU,1738369239
427,diego de almagro,-26.3667,-70.05,22.72,40,0,2.67,CL,1738368983
428,shimokizukuri,40.8061,140.3861,0.29,87,100,5.96,JP,1738369241
429,bemidji,47.4736,-94.8803,-11.64,48,40,2.06,US,1738369243
430,chiredzi,-21.05,31.6667,24.11,55,9,1.9,ZW,1738369244
431,progreso,21.2833,-89.6667,25.01,85,5,4.85,MX,1738369245
432,kiunga,-6.1219,141.2906,23.57,99,100,1.01,PG,1738369246
433,rocha,-34.4833,-54.3333,17.89,87,0,2.12,UY,1738369248
434,kapuskasing,49.4169,-82.4331,-21.95,71,75,3.6,CA,1738369249
435,corral de almaguer,39.7545,-3.1865,3.99,57,67,2.77,ES,1738369250
436,rawson,-43.3002,-65.1023,16.16,63,0,5.66,AR,1738369211
437,murzuq,25.9155,13.9184,13.61,31,90,5.11,LY,1738369254
438,kidal,18.4411,1.4078,19.99,15,97,4.06,ML,1738369255
439,bardai,11.65,7.2333,18.69,25,5,4.68,NG,1738369256
440,nazare,-13.035,-39.0144,24.48,88,36,1.77,BR,1738369159
441,fort bragg,35.139,-79.006,19.34,76,100,3.09,US,1738369258
442,shingu,33.7333,135.9833,7.49,50,70,1.07,JP,1738369260
443,enshi,30.3,109.4833,7.19,95,100,1.26,CN,1738369261
444,siocon,7.7061,122.1353,26.76,80,100,0.93,PH,1738369262
445,umm kaddadah,13.6017,26.6876,15.83,28,5,5.88,SD,1738369263
446,xining,36.6167,101.7667,-9.86,89,100,1.26,CN,1738369264
447,windermere,54.3809,-2.9071,3.97,91,3,0.43,GB,1738368980
448,arraial do cabo,-22.9661,-42.0278,24.81,89,100,8.39,BR,1738369155
449,argostolion,38.1811,20.489,10.97,62,60,2.31,GR,1738369268
450,shadrinsk,56.0852,63.6335,-3.8,97,95,3.85,RU,1738369269
451,indramayu,-6.3264,108.32,26.19,84,96,5.91,ID,1738369033
452,tadine,-21.55,167.8833,28.15,75,36,6.49,NC,1738369271
453,conception bay south,47.4999,-52.9981,-3.48,85,73,8.55,CA,1738369273
454,colchani,-20.3,-66.9333,15.25,42,61,6.79,BO,1738369274
455,mutuali,-14.8706,37.0044,20.06,97,100,0.85,MZ,1738369034
456,ust-nera,64.5667,143.2,-38.08,99,87,1.64,RU,1738369276
457,acajutla,13.5928,-89.8275,27.18,69,0,0.99,SV,1738369277
458,keflavik,64.0049,-22.5624,8.24,100,100,16.46,IS,1738369278
459,zhangatas,43.5667,69.75,-7.3,98,78,1.92,KZ,1738369280
460,fort mcmurray,56.7268,-111.381,-17.23,78,100,5.14,CA,1738369281
461,salalah,17.0151,54.0924,21.05,24,0,3.09,OM,1738369282
462,san juan,-31.5375,-68.5364,34.27,25,0,6.77,AR,1738369025
463,chacabuco,-34.6417,-60.4739,27.61,24,0,2.27,AR,1738369149
464,cockburn town,21.4612,-71.1419,25.13,84,6,11.15,TC,1738369070
465,argo,37.6333,22.7333,10.54,78,15,1.57,GR,1738369287
466,nova sintra,14.8667,-24.7167,22.46,73,0,11.55,CV,1738369289
467,belmonte,-15.8631,-38.8828,25.19,87,13,3.09,BR,1738369290
468,puerto aysen,-45.4,-72.7,12.4,75,43,1.83,CL,1738369291
469,qusmuryn,52.4503,64.6311,-2.76,95,100,4.78,KZ,1738369292
470,champerico,14.3,-91.9167,28.83,67,0,5.43,GT,1738369294
471,tavira,37.1273,-7.6486,11.26,82,3,1.34,PT,1738369295
472,aniva,46.7144,142.5294,-4.94,76,20,2.73,RU,1738369296
473,nouadhibou,20.931,-17.0347,16.99,72,0,9.77,MR,1738369297
474,shimoda,34.6667,138.95,8.54,61,99,4.07,JP,1738369103
475,kurtamysh,54.9103,64.4319,-7.24,97,99,3.11,RU,1738369301
476,roma,43.2128,-75.4557,0.92,97,100,1.34,US,1738369267
477,huarmey,-10.0681,-78.1522,22.34,81,73,3.57,PE,1738369303
478,las tablas,7.7667,-80.2833,27.32,99,89,3.44,PA,1738369306
479,minot,48.2325,-101.2963,-13.88,72,100,8.23,US,1738369104
480,menongue,-14.6585,17.691,17.48,94,98,0.63,AO,1738369308
481,tucuma,-0.1833,-50.05,24.62,90,100,3.21,BR,1738369309
482,tsrar sharif,33.8667,74.7667,1.14,98,98,1.76,IN,1738369311
483,port augusta,-32.5,137.7667,31.9,15,0,3.85,AU,1738369313
484,bata,1.8639,9.7658,26.19,87,98,3.26,GQ,1738369314
485,miyaly,48.8844,53.7836,-6.23,96,80,1.87,KZ,1738369317
486,pagar alam,-4.0167,103.2667,20.06,90,84,1.12,ID,1738369072
487,la ronge,55.1001,-105.2842,-22.86,77,75,3.6,CA,1738369319
488,pace,30.5994,-87.1611,14.65,94,0,2.57,US,1738369320
489,crete,35.1558,24.895,5.03,83,30,2.1,GR,1738369321
490,amungan,15.3652,119.9582,27.42,68,55,1.53,PH,1738369322
491,saldanha,-33.0117,17.9442,17.55,89,0,4.0,ZA,1738369324
492,puerto deseado,-47.7503,-65.8938,13.46,59,6,8.1,AR,1738369325
493,amursk,50.2261,136.8994,-22.3,98,100,1.23,RU,1738369326
494,tandil,-37.3217,-59.1332,26.05,32,0,2.73,AR,1738368678
495,taroa,8.7058,171.2275,26.77,72,92,8.44,MH,1738369328
496,cuamba,-14.8031,36.5372,20.37,97,91,0.69,MZ,1738369330
497,hilo,19.7297,-155.09,24.49,98,75,3.09,US,1738369315
498,shohimardon,39.9839,71.8028,-5.81,61,76,3.25,UZ,1738369332
499,peace river,56.2501,-117.286,-22.83,70,100,5.14,CA,1738369333
500,stephenville,32.2207,-98.2023,16.19,26,0,2.57,US,1738369334
501,yangliuqing,39.1375,116.9997,-4.03,80,65,1.86,CN,1738369337
502,al majaridah,19.1236,41.9111,23.36,67,49,0.76,SA,1738369338
503,askoy,60.4092,5.226,2.16,93,75,1.54,NO,1738369339
504,usogorsk,63.4106,48.6872,0.74,97,95,2.84,RU,1738369341
505,egilsstadir,65.2653,-14.3948,6.95,65,75,14.92,IS,1738369342
506,amga,60.8953,131.9608,-43.73,100,89,0.2,RU,1738369343
507,longboat key,27.4125,-82.659,21.18,68,6,2.68,US,1738369327
508,luganville,-15.5333,167.1667,29.52,76,100,7.6,VU,1738369345
509,nishon tumani,38.694,65.6751,-0.86,86,0,1.03,UZ,1738369346
510,binhe,32.6883,112.8275,0.74,85,100,4.2,CN,1738369348
511,madison heights,42.4859,-83.1052,0.9,90,100,7.2,US,1738369349
512,soio,-6.1349,12.3689,26.44,81,100,2.49,AO,1738369350
513,la ferte-bernard,48.1863,0.6536,2.28,98,100,3.24,FR,1738369351
514,amahai,-3.3333,128.9167,27.64,75,97,1.03,ID,1738369353
515,shache,38.4167,77.2406,-4.99,38,2,0.83,CN,1738369354
516,as sulayyil,20.4607,45.5779,12.71,44,0,2.76,SA,1738369356
517,san bernardo del viento,9.3533,-75.9524,27.6,79,67,4.42,CO,1738369358
518,pekanbaru,0.5333,101.45,22.18,100,40,2.57,ID,1738369359
519,norilsk,69.3535,88.2027,-20.87,96,100,1.82,RU,1738369360
520,viedma,-40.8135,-62.9967,16.76,71,25,8.75,AR,1738369074
521,arkhangel'sk,64.5401,40.5433,-0.94,100,75,2.0,RU,1738369362
522,bandarbeyla,9.4942,50.8122,22.51,76,76,8.23,SO,1738369364
523,eseka,3.65,10.7667,23.09,96,95,0.7,CM,1738369365
524,dalbandin,28.8947,64.4101,5.74,51,0,2.6,PK,1738369366
525,vadlapudi,14.3167,79.8,21.6,97,29,2.25,IN,1738369367
526,hailar,49.2,119.7,-33.75,100,95,1.44,CN,1738369369
527,san pedro pochutla,15.7333,-96.4667,28.17,61,1,1.82,MX,1738369370
528,steinbach,50.1667,8.5667,1.73,86,0,2.57,DE,1738369371
529,kuching,1.55,110.3333,25.02,94,20,0.0,MY,1738369373
530,rongelap,11.1635,166.8941,26.39,69,86,7.55,MH,1738369374
531,margate,51.3813,1.3862,4.27,86,97,0.45,GB,1738369334
532,eldorado at santa fe,35.5264,-105.9347,6.73,32,0,3.13,US,1738369376
533,cidade velha,14.9167,-23.6167,20.77,72,0,6.93,CV,1738369377
534,sumbe,-11.2061,13.8437,24.84,83,95,1.47,AO,1738369378
535,juan griego,11.0817,-63.9655,25.28,78,3,6.16,VE,1738369380
536,nizhneudinsk,54.9076,99.0276,-26.38,100,18,0.64,RU,1738369245
537,atuncolla,-15.6833,-70.15,13.03,81,87,2.48,PE,1738369383
538,cidreira,-30.1811,-50.2056,23.22,89,25,2.8,BR,1738369385
539,naze,28.3667,129.4833,17.51,79,94,9.76,JP,1738369369
540,lang son,21.8333,106.7333,14.52,93,90,1.5,VN,1738369387
541,port macquarie,-31.4333,152.9167,27.26,65,80,3.58,AU,1738369388
542,kolonia,50.9333,6.95,0.54,87,0,1.03,DE,1738369389
543,igrim,63.1906,64.4162,-17.64,99,98,1.1,RU,1738369391
544,yarmouth,41.7057,-70.2286,5.05,96,100,1.34,US,1738369392
545,sola,-13.8833,167.55,26.24,90,100,12.64,VU,1738369393
546,la peca,-5.6111,-78.435,22.57,80,44,2.11,PE,1738369394
547,takoradi,4.8845,-1.7554,26.61,86,66,3.18,GH,1738368942
548,zaozersk,69.4005,32.4476,-2.37,98,100,2.07,RU,1738369396
549,sungai penuh,-2.0833,101.3833,18.03,82,93,1.61,ID,1738369398
550,rosarito,32.3333,-117.0333,16.51,70,42,5.73,MX,1738368725
551,taro,-8.3862,115.28,22.18,85,100,0.88,ID,1738369400
552,sa pa,22.3402,103.8441,7.42,84,70,1.05,VN,1738369401
